{
  "bench_iters": 500,
  "graph": false,
  "max_ms": 0.2401600033044815,
  "mean_ms": 0.10759827210009099,
  "median_ms": 0.10719999670982361,
  "min_ms": 0.09958399832248688,
  "p90_ms": 0.10822399705648422,
  "warmup": 50
}
